bicycle_id,start_time,end_time,start_location,end_location
86602,2015-01-01 00:04:00,2015-01-01 00:10:00,0802,0508
86157,2015-01-01 00:04:00,2015-01-01 00:16:00,0802,0508
86091,2015-01-01 00:08:00,2015-01-01 00:32:00,0513,1106
86908,2015-01-01 00:09:00,2015-01-01 00:29:00,0513,0604
86758,2015-01-01 00:10:00,2015-01-01 00:11:00,0508,0508
86075,2015-01-01 00:15:00,2015-01-01 00:21:00,0516,0901
86814,2015-01-01 00:19:00,2015-01-01 00:30:00,0902,0902
86176,2015-01-01 00:19:00,2015-01-01 00:30:00,0902,0902
86548,2015-01-01 00:22:00,2015-01-01 00:31:00,0611,0705
86027,2015-01-01 00:22:00,2015-01-01 00:31:00,0611,0705
86103,2015-01-01 00:22:00,2015-01-01 00:40:00,0905,1106
87014,2015-01-01 00:23:00,2015-01-01 00:39:00,0905,1106
86867,2015-01-01 00:25:00,2015-01-01 00:52:00,0508,0606
86932,2015-01-01 00:29:00,2015-01-01 00:30:00,0510,0510
87056,2015-01-01 00:35:00,2015-01-01 00:42:00,0705,0707
86027,2015-01-01 00:35:00,2015-01-01 00:44:00,0705,0707
86805,2015-01-01 00:36:00,2015-01-01 00:50:00,1101,0518
86620,2015-01-01 00:37:00,2015-01-01 00:53:00,1101,0518
86950,2015-01-01 00:45:00,2015-01-01 00:50:00,0515,0802
87070,2015-01-01 00:52:00,2015-01-01 00:58:00,0802,0518
87070,2015-01-01 00:59:00,2015-01-01 01:02:00,0518,0518
86667,2015-01-01 00:59:00,2015-01-01 01:08:00,0609,0604
86677,2015-01-01 01:04:00,2015-01-01 01:19:00,0703,0806
86808,2015-01-01 01:04:00,2015-01-01 01:19:00,0703,0806
86199,2015-01-01 01:10:00,2015-01-01 01:31:00,0102,1108
86513,2015-01-01 01:12:00,2015-01-01 01:27:00,0707,0609
86339,2015-01-01 01:14:00,2015-01-01 01:21:00,0601,0603
86679,2015-01-01 01:15:00,2015-01-01 01:22:00,0601,0603
87036,2015-01-01 01:15:00,2015-01-01 01:24:00,0905,0809
86820,2015-01-01 01:16:00,2015-01-01 01:26:00,0905,0809
86042,2015-01-01 01:16:00,2015-01-01 01:24:00,0905,0809
86955,2015-01-01 01:19:00,2015-01-01 01:38:00,0807,0606
86846,2015-01-01 01:26:00,2015-01-01 01:38:00,0709,0604
86121,2015-01-01 01:26:00,2015-01-01 01:38:00,0709,0604
86204,2015-01-01 01:30:00,2015-01-01 01:42:00,0607,0803
86605,2015-01-01 01:30:00,2015-01-01 01:41:00,0607,0803
86200,2015-01-01 01:33:00,2015-01-01 01:41:00,0809,0809
86779,2015-01-01 01:34:00,2015-01-01 01:49:00,0516,0502
87048,2015-01-01 01:34:00,2015-01-01 01:41:00,0809,0809
86029,2015-01-01 01:34:00,2015-01-01 01:41:00,0809,0809
86983,2015-01-01 01:34:00,2015-01-01 01:41:00,0809,0809
86993,2015-01-01 01:48:00,2015-01-01 01:59:00,1302,1302
86436,2015-01-01 01:52:00,2015-01-01 01:57:00,0706,0604
86584,2015-01-01 01:56:00,2015-01-01 02:06:00,0807,0701
86564,2015-01-01 01:57:00,2015-01-01 02:06:00,0807,0701
86759,2015-01-01 02:12:00,2015-01-01 02:28:00,0514,0517
87030,2015-01-01 02:12:00,2015-01-01 02:28:00,0514,0517
86243,2015-01-01 02:12:00,2015-01-01 02:28:00,0514,0517
86923,2015-01-01 02:13:00,2015-01-01 02:22:00,0704,0510
86832,2015-01-01 02:13:00,2015-01-01 02:22:00,0704,0510
86366,2015-01-01 02:14:00,2015-01-01 02:25:00,1103,0905
86130,2015-01-01 02:14:00,2015-01-01 02:26:00,1103,0905
86816,2015-01-01 02:14:00,2015-01-01 02:20:00,1101,0905
86748,2015-01-01 02:21:00,2015-01-01 02:32:00,0709,0704
86855,2015-01-01 02:22:00,2015-01-01 02:32:00,0709,0704
86368,2015-01-01 02:22:00,2015-01-01 02:33:00,0804,0604
86610,2015-01-01 02:28:00,2015-01-01 02:42:00,1302,0611
86813,2015-01-01 02:28:00,2015-01-01 02:39:00,0809,0905
86401,2015-01-01 02:28:00,2015-01-01 02:41:00,1302,0611
86042,2015-01-01 02:29:00,2015-01-01 02:39:00,0809,0905
86993,2015-01-01 02:30:00,2015-01-01 02:49:00,1302,1302
86046,2015-01-01 02:39:00,2015-01-01 02:49:00,0901,0516
86516,2015-01-01 02:39:00,2015-01-01 02:49:00,0901,0516
86130,2015-01-01 02:39:00,2015-01-01 02:53:00,0905,0802
86366,2015-01-01 02:40:00,2015-01-01 02:53:00,0905,0802
86416,2015-01-01 02:40:00,2015-01-01 02:49:00,0901,0516
86044,2015-01-01 02:40:00,2015-01-01 02:45:00,0201,0203
86599,2015-01-01 02:41:00,2015-01-01 02:48:00,0901,0516
86407,2015-01-01 02:43:00,2015-01-01 02:57:00,0514,0504
86677,2015-01-01 02:48:00,2015-01-01 02:55:00,0806,0515
86137,2015-01-01 02:56:00,2015-01-01 03:02:00,0709,0905
86439,2015-01-01 02:56:00,2015-01-01 03:03:00,0709,0905
86141,2015-01-01 03:12:00,2015-01-01 03:20:00,0518,0504
86658,2015-01-01 03:13:00,2015-01-01 03:20:00,0518,0504
86003,2015-01-01 03:22:00,2015-01-01 03:40:00,1305,0512
86853,2015-01-01 03:22:00,2015-01-01 03:40:00,1305,0512
86404,2015-01-01 03:29:00,2015-01-01 03:30:00,0802,0802
86522,2015-01-01 03:47:00,2015-01-01 03:51:00,0506,0503
86707,2015-01-01 04:02:00,2015-01-01 04:14:00,0802,0904
86598,2015-01-01 04:16:00,2015-01-01 04:23:00,0806,0809
87099,2015-01-01 04:16:00,2015-01-01 04:21:00,0611,0609
86468,2015-01-01 04:16:00,2015-01-01 04:23:00,0806,0809
86944,2015-01-01 04:16:00,2015-01-01 04:23:00,0806,0809
86659,2015-01-01 04:16:00,2015-01-01 04:22:00,0806,0809
86615,2015-01-01 04:17:00,2015-01-01 04:26:00,0701,0611
86313,2015-01-01 04:17:00,2015-01-01 04:28:00,0610,0604
86064,2015-01-01 04:17:00,2015-01-01 04:27:00,0610,0604
86038,2015-01-01 04:20:00,2015-01-01 04:25:00,0707,0706
86694,2015-01-01 04:25:00,2015-01-01 04:30:00,0604,0706
87011,2015-01-01 04:38:00,2015-01-01 04:45:00,0701,0513
86313,2015-01-01 04:41:00,2015-01-01 04:47:00,0604,0608
86064,2015-01-01 04:41:00,2015-01-01 04:47:00,0604,0608
86366,2015-01-01 04:51:00,2015-01-01 05:15:00,0802,0902
86439,2015-01-01 05:00:00,2015-01-01 05:01:00,0905,0905
86009,2015-01-01 05:20:00,2015-01-01 05:31:00,0701,0905
86468,2015-01-01 05:30:00,2015-01-01 05:46:00,0809,0609
86598,2015-01-01 05:30:00,2015-01-01 05:46:00,0809,0609
86944,2015-01-01 05:30:00,2015-01-01 05:46:00,0809,0609
87021,2015-01-01 05:30:00,2015-01-01 05:46:00,0809,0609
86548,2015-01-01 05:44:00,2015-01-01 05:58:00,0705,0702
86837,2015-01-01 05:45:00,2015-01-01 05:58:00,0705,0702
86033,2015-01-01 05:51:00,2015-01-01 05:57:00,0708,0516
86501,2015-01-01 05:59:00,2015-01-01 06:07:00,0202,0201
87064,2015-01-01 07:22:00,2015-01-01 07:23:00,0806,0806
86965,2015-01-01 08:03:00,2015-01-01 08:07:00,0705,0601
86531,2015-01-01 08:03:00,2015-01-01 08:14:00,0705,0601
86031,2015-01-01 09:11:00,2015-01-01 09:20:00,0707,0808
86033,2015-01-01 09:22:00,2015-01-01 09:25:00,0516,0905
86067,2015-01-01 10:09:00,2015-01-01 10:10:00,0516,0516
87041,2015-01-01 11:16:00,2015-01-01 11:33:00,0204,0517
86043,2015-01-01 11:31:00,2015-01-01 11:55:00,0515,1401
86863,2015-01-01 11:34:00,2015-01-01 11:43:00,0605,0518
86393,2015-01-01 11:58:00,2015-01-01 12:08:00,0518,0603
86786,2015-01-01 12:15:00,2015-01-01 12:41:00,0201,1304
86089,2015-01-01 12:21:00,2015-01-01 12:39:00,0804,0201
86652,2015-01-01 12:52:00,2015-01-01 12:57:00,1103,1106
86076,2015-01-01 12:52:00,2015-01-01 13:03:00,1302,0608
86072,2015-01-01 12:52:00,2015-01-01 13:03:00,1302,0608
87093,2015-01-01 13:08:00,2015-01-01 13:10:00,0518,0518
87024,2015-01-01 13:18:00,2015-01-01 13:25:00,1106,1103
86110,2015-01-01 13:23:00,2015-01-01 13:27:00,0506,0608
86667,2015-01-01 13:24:00,2015-01-01 13:26:00,0604,0607
86507,2015-01-01 13:26:00,2015-01-01 13:42:00,0608,0602
86848,2015-01-01 13:27:00,2015-01-01 13:30:00,0506,0506
86313,2015-01-01 13:29:00,2015-01-01 13:43:00,0608,0602
86768,2015-01-01 13:44:00,2015-01-01 14:02:00,0511,0204
86688,2015-01-01 13:50:00,2015-01-01 13:56:00,1302,0603
86643,2015-01-01 14:07:00,2015-01-01 14:19:00,0607,0604
86343,2015-01-01 14:08:00,2015-01-01 14:12:00,0607,0604
86290,2015-01-01 14:12:00,2015-01-01 14:33:00,0602,0515
86777,2015-01-01 14:19:00,2015-01-01 14:20:00,0610,0610
86618,2015-01-01 14:20:00,2015-01-01 14:35:00,0610,0607
86334,2015-01-01 14:21:00,2015-01-01 14:28:00,0610,0607
86950,2015-01-01 14:31:00,2015-01-01 14:49:00,0802,0804
86361,2015-01-01 14:32:00,2015-01-01 14:49:00,0802,0804
86132,2015-01-01 14:49:00,2015-01-01 14:57:00,0517,0809
86912,2015-01-01 14:50:00,2015-01-01 14:56:00,0606,0608
86193,2015-01-01 14:54:00,2015-01-01 15:01:00,0705,0701
86910,2015-01-01 14:54:00,2015-01-01 15:01:00,0705,0701
86555,2015-01-01 15:00:00,2015-01-01 15:05:00,0608,0705
86667,2015-01-01 15:02:00,2015-01-01 15:11:00,0607,0606
86276,2015-01-01 15:03:00,2015-01-01 15:52:00,0802,0801
87081,2015-01-01 15:03:00,2015-01-01 15:51:00,0802,0801
86716,2015-01-01 15:05:00,2015-01-01 15:28:00,0501,0602
86040,2015-01-01 15:06:00,2015-01-01 15:30:00,0501,0602
86217,2015-01-01 15:11:00,2015-01-01 15:14:00,0803,0802
86015,2015-01-01 15:17:00,2015-01-01 15:21:00,0514,0905
86597,2015-01-01 15:18:00,2015-01-01 15:20:00,0514,0905
86759,2015-01-01 15:18:00,2015-01-01 15:29:00,0517,0506
86719,2015-01-01 15:18:00,2015-01-01 15:31:00,0517,0506
86483,2015-01-01 15:20:00,2015-01-01 15:53:00,0802,1304
86491,2015-01-01 15:21:00,2015-01-01 15:52:00,0802,1304
86659,2015-01-01 15:25:00,2015-01-01 15:36:00,0809,0104
86368,2015-01-01 15:30:00,2015-01-01 16:07:00,0607,1304
86950,2015-01-01 15:46:00,2015-01-01 16:03:00,0804,0801
86361,2015-01-01 15:47:00,2015-01-01 16:03:00,0804,0801
86334,2015-01-01 15:48:00,2015-01-01 15:55:00,0607,0610
86355,2015-01-01 15:54:00,2015-01-01 15:58:00,0515,0905
87058,2015-01-01 15:54:00,2015-01-01 16:53:00,1304,0501
86026,2015-01-01 15:55:00,2015-01-01 15:58:00,0503,0506
87097,2015-01-01 15:55:00,2015-01-01 16:53:00,1304,0501
86297,2015-01-01 15:57:00,2015-01-01 16:13:00,0801,0518
86386,2015-01-01 15:58:00,2015-01-01 16:13:00,0801,0518
86618,2015-01-01 16:01:00,2015-01-01 16:05:00,0607,0604
86123,2015-01-01 16:01:00,2015-01-01 16:04:00,0808,0808
86856,2015-01-01 16:06:00,2015-01-01 16:14:00,0904,0515
86843,2015-01-01 16:10:00,2015-01-01 16:34:00,1304,1304
86555,2015-01-01 16:14:00,2015-01-01 16:19:00,0705,0607
86459,2015-01-01 16:27:00,2015-01-01 16:41:00,0905,0518
86843,2015-01-01 16:35:00,2015-01-01 16:49:00,1304,0608
86455,2015-01-01 16:40:00,2015-01-01 16:42:00,0515,0515
86856,2015-01-01 16:43:00,2015-01-01 16:49:00,0515,0802
86137,2015-01-01 16:52:00,2015-01-01 16:58:00,0905,0704
86297,2015-01-01 16:58:00,2015-01-01 17:15:00,0518,0905
86377,2015-01-01 16:59:00,2015-01-01 17:15:00,0518,0905
86304,2015-01-01 17:02:00,2015-01-01 17:16:00,0806,0508
86361,2015-01-01 17:03:00,2015-01-01 17:09:00,0801,0809
86950,2015-01-01 17:04:00,2015-01-01 17:09:00,0801,0809
86978,2015-01-01 17:04:00,2015-01-01 17:17:00,1305,0517
86875,2015-01-01 17:12:00,2015-01-01 17:16:00,0607,0604
87048,2015-01-01 17:15:00,2015-01-01 17:18:00,0809,0803
87086,2015-01-01 17:17:00,2015-01-01 17:28:00,0511,0103
86258,2015-01-01 17:18:00,2015-01-01 17:28:00,0511,0103
87013,2015-01-01 17:18:00,2015-01-01 17:28:00,0511,0103
86287,2015-01-01 17:18:00,2015-01-01 17:28:00,0511,0103
86320,2015-01-01 17:30:00,2015-01-01 17:33:00,0204,0204
86106,2015-01-01 17:35:00,2015-01-01 17:40:00,0511,0513
86285,2015-01-01 17:45:00,2015-01-01 18:10:00,0203,0610
86044,2015-01-01 17:46:00,2015-01-01 18:10:00,0203,0610
86038,2015-01-01 17:51:00,2015-01-01 18:03:00,0514,0515
86759,2015-01-01 17:53:00,2015-01-01 18:14:00,0506,0517
86906,2015-01-01 17:53:00,2015-01-01 18:14:00,0506,0517
86039,2015-01-01 17:57:00,2015-01-01 18:04:00,0514,0515
86650,2015-01-01 17:57:00,2015-01-01 17:59:00,0514,0514
87074,2015-01-01 18:07:00,2015-01-01 18:10:00,0515,0903
86353,2015-01-01 18:11:00,2015-01-01 18:26:00,0610,0602
86667,2015-01-01 18:12:00,2015-01-01 18:18:00,0606,0607
86777,2015-01-01 18:12:00,2015-01-01 18:27:00,0610,0602
87041,2015-01-01 18:16:00,2015-01-01 18:30:00,0517,0805
87015,2015-01-01 18:16:00,2015-01-01 18:30:00,0517,0805
87056,2015-01-01 18:30:00,2015-01-01 18:34:00,0707,0809
86354,2015-01-01 18:32:00,2015-01-01 18:51:00,0805,1102
87009,2015-01-01 18:32:00,2015-01-01 18:52:00,0805,1102
86784,2015-01-01 18:35:00,2015-01-01 18:45:00,0902,0516
86405,2015-01-01 18:36:00,2015-01-01 19:00:00,0204,1303
86124,2015-01-01 18:46:00,2015-01-01 19:00:00,0503,0903
86304,2015-01-01 18:53:00,2015-01-01 19:04:00,0508,0901
86790,2015-01-01 18:53:00,2015-01-01 19:04:00,0508,0901
86097,2015-01-01 18:56:00,2015-01-01 19:29:00,1102,0516
86746,2015-01-01 18:57:00,2015-01-01 19:30:00,1102,0516
86688,2015-01-01 18:58:00,2015-01-01 19:05:00,0603,1302
86618,2015-01-01 19:15:00,2015-01-01 19:28:00,0604,0602
86808,2015-01-01 19:20:00,2015-01-01 19:27:00,0806,0905
86025,2015-01-01 19:20:00,2015-01-01 19:28:00,0806,0905
87064,2015-01-01 19:21:00,2015-01-01 19:26:00,0806,0905
86784,2015-01-01 19:25:00,2015-01-01 19:32:00,0516,0901
86602,2015-01-01 19:28:00,2015-01-01 19:41:00,0508,0809
86584,2015-01-01 19:43:00,2015-01-01 19:55:00,0709,0806
86526,2015-01-01 19:54:00,2015-01-01 20:17:00,0204,1103
86339,2015-01-01 19:59:00,2015-01-01 20:18:00,0603,0204
86099,2015-01-01 20:13:00,2015-01-01 20:14:00,0803,0803
86586,2015-01-01 20:34:00,2015-01-01 20:43:00,0905,0904
87008,2015-01-01 20:34:00,2015-01-01 23:04:00,0905,0905
86033,2015-01-01 20:36:00,2015-01-01 23:05:00,0905,0905
86689,2015-01-01 20:38:00,2015-01-01 20:45:00,1304,0203
86025,2015-01-01 20:38:00,2015-01-01 23:04:00,0905,0905
87064,2015-01-01 20:38:00,2015-01-01 23:04:00,0905,0905
86999,2015-01-01 20:44:00,2015-01-01 21:13:00,0709,0203
86104,2015-01-01 20:45:00,2015-01-01 21:13:00,0709,0203
86193,2015-01-01 20:56:00,2015-01-01 21:01:00,0701,0809
86513,2015-01-01 21:26:00,2015-01-01 21:33:00,0517,0705
86597,2015-01-01 21:32:00,2015-01-01 21:40:00,0514,0902
86429,2015-01-01 21:37:00,2015-01-01 21:44:00,0507,0102
86935,2015-01-01 21:39:00,2015-01-01 22:48:00,0808,0802
86113,2015-01-01 21:40:00,2015-01-01 22:48:00,0808,0802
87088,2015-01-01 21:42:00,2015-01-01 21:54:00,1107,1106
86118,2015-01-01 21:43:00,2015-01-01 21:48:00,1107,1106
86793,2015-01-01 21:57:00,2015-01-01 21:59:00,0503,0505
86126,2015-01-01 21:58:00,2015-01-01 22:15:00,0103,0904
86701,2015-01-01 22:02:00,2015-01-01 22:12:00,0709,0601
86411,2015-01-01 22:03:00,2015-01-01 22:12:00,0518,0605
86984,2015-01-01 22:29:00,2015-01-01 22:37:00,0503,0501
86036,2015-01-01 22:30:00,2015-01-01 22:36:00,0503,0501
86670,2015-01-01 23:03:00,2015-01-01 23:16:00,0609,1302
86052,2015-01-01 23:03:00,2015-01-01 23:16:00,0609,1302
86969,2015-01-01 23:05:00,2015-01-01 23:11:00,0802,0804
86936,2015-01-01 23:12:00,2015-01-01 23:23:00,0611,0606
86436,2015-01-01 23:18:00,2015-01-01 23:21:00,0607,0604
87064,2015-01-01 23:34:00,2015-01-01 23:55:00,0905,0503
86753,2015-01-02 00:19:00,2015-01-02 00:23:00,0704,0707
87034,2015-01-02 00:19:00,2015-01-02 00:22:00,0704,0707
86456,2015-01-02 00:19:00,2015-01-02 00:22:00,0704,0707
86319,2015-01-02 00:22:00,2015-01-02 00:27:00,0515,0802
86255,2015-01-02 00:30:00,2015-01-02 00:47:00,1105,0513
87077,2015-01-02 00:30:00,2015-01-02 00:58:00,1105,0513
86969,2015-01-02 01:06:00,2015-01-02 01:14:00,0804,0905
86997,2015-01-02 01:37:00,2015-01-02 01:51:00,1102,0508
87017,2015-01-02 01:39:00,2015-01-02 02:02:00,1305,1107
86793,2015-01-02 02:28:00,2015-01-02 02:34:00,0505,0502
86227,2015-01-02 02:58:00,2015-01-02 03:04:00,0804,0705
86190,2015-01-02 07:17:00,2015-01-02 07:22:00,0805,0515
86181,2015-01-02 07:32:00,2015-01-02 07:38:00,0515,0805
86918,2015-01-02 07:41:00,2015-01-02 07:42:00,0802,0802
87004,2015-01-02 07:46:00,2015-01-02 07:50:00,0703,0808
86530,2015-01-02 07:47:00,2015-01-02 07:57:00,0703,0808
86962,2015-01-02 08:00:00,2015-01-02 08:07:00,0805,0518
86236,2015-01-02 08:11:00,2015-01-02 08:17:00,0514,0515
86459,2015-01-02 08:20:00,2015-01-02 08:35:00,0518,0602
86565,2015-01-02 08:24:00,2015-01-02 08:30:00,1302,1304
86952,2015-01-02 08:38:00,2015-01-02 08:50:00,0703,0705
86810,2015-01-02 08:55:00,2015-01-02 08:59:00,1107,1104
86517,2015-01-02 08:59:00,2015-01-02 09:04:00,0515,0514
86984,2015-01-02 09:00:00,2015-01-02 09:29:00,0501,0515
86405,2015-01-02 09:01:00,2015-01-02 09:20:00,1303,0808
86036,2015-01-02 09:03:00,2015-01-02 09:25:00,0501,0515
86565,2015-01-02 09:05:00,2015-01-02 09:12:00,1304,1302
86368,2015-01-02 09:19:00,2015-01-02 09:39:00,1304,0105
86206,2015-01-02 09:22:00,2015-01-02 09:25:00,0514,0515
86447,2015-01-02 09:27:00,2015-01-02 09:37:00,0601,0802
86954,2015-01-02 09:35:00,2015-01-02 09:37:00,0503,0611
87099,2015-01-02 09:35:00,2015-01-02 09:38:00,0609,0707
86374,2015-01-02 09:44:00,2015-01-02 09:47:00,0501,1305
86954,2015-01-02 09:49:00,2015-01-02 09:55:00,0611,0609
87087,2015-01-02 10:00:00,2015-01-02 10:07:00,0515,0904
86952,2015-01-02 10:11:00,2015-01-02 10:26:00,0705,0703
86211,2015-01-02 10:15:00,2015-01-02 10:16:00,1304,1304
86014,2015-01-02 10:17:00,2015-01-02 10:27:00,1304,1302
86746,2015-01-02 10:36:00,2015-01-02 10:58:00,0516,0611
86822,2015-01-02 10:36:00,2015-01-02 10:57:00,0516,0611
86605,2015-01-02 10:49:00,2015-01-02 10:51:00,0803,0801
86714,2015-01-02 10:52:00,2015-01-02 11:15:00,1303,0204
86204,2015-01-02 10:54:00,2015-01-02 11:20:00,0803,0512
86478,2015-01-02 11:09:00,2015-01-02 11:32:00,1107,0705
86672,2015-01-02 11:13:00,2015-01-02 11:22:00,0611,0501
86431,2015-01-02 11:13:00,2015-01-02 11:22:00,0611,0501
86912,2015-01-02 11:28:00,2015-01-02 11:38:00,0608,0706
86415,2015-01-02 11:29:00,2015-01-02 11:38:00,0608,0706
87002,2015-01-02 11:35:00,2015-01-02 11:40:00,0515,0902
86513,2015-01-02 11:50:00,2015-01-02 11:57:00,0705,0701
86597,2015-01-02 11:50:00,2015-01-02 12:03:00,0902,0507
86049,2015-01-02 11:54:00,2015-01-02 11:59:00,0508,0503
86138,2015-01-02 12:02:00,2015-01-02 12:03:00,0202,0202
86992,2015-01-02 12:05:00,2015-01-02 12:21:00,0609,0604
86207,2015-01-02 12:11:00,2015-01-02 12:20:00,1302,0603
86320,2015-01-02 12:13:00,2015-01-02 12:19:00,0204,0204
86584,2015-01-02 12:16:00,2015-01-02 12:31:00,0806,0608
86436,2015-01-02 12:22:00,2015-01-02 12:30:00,0604,0603
86320,2015-01-02 12:24:00,2015-01-02 12:31:00,0204,0105
86990,2015-01-02 12:27:00,2015-01-02 12:36:00,0105,0105
86480,2015-01-02 12:28:00,2015-01-02 12:36:00,0105,0105
86828,2015-01-02 12:38:00,2015-01-02 13:34:00,0515,0602
86421,2015-01-02 12:38:00,2015-01-02 12:39:00,0105,0105
86744,2015-01-02 12:43:00,2015-01-02 12:46:00,1303,1302
86920,2015-01-02 12:44:00,2015-01-02 12:52:00,1104,1107
86218,2015-01-02 12:45:00,2015-01-02 12:56:00,0508,0606
86584,2015-01-02 12:52:00,2015-01-02 13:08:00,0608,0806
86777,2015-01-02 12:52:00,2015-01-02 13:05:00,1304,0202
86507,2015-01-02 12:53:00,2015-01-02 13:05:00,1304,0202
86436,2015-01-02 12:55:00,2015-01-02 13:01:00,0603,0503
86690,2015-01-02 13:03:00,2015-01-02 13:11:00,0105,0204
86368,2015-01-02 13:04:00,2015-01-02 13:11:00,0105,0204
86447,2015-01-02 13:15:00,2015-01-02 13:17:00,0802,0805
86692,2015-01-02 13:22:00,2015-01-02 13:27:00,0606,0607
86031,2015-01-02 13:25:00,2015-01-02 13:36:00,0808,0707
86874,2015-01-02 13:35:00,2015-01-02 13:43:00,0505,0611
86094,2015-01-02 13:38:00,2015-01-02 13:44:00,0806,0809
86456,2015-01-02 13:38:00,2015-01-02 13:42:00,0707,0609
86589,2015-01-02 13:40:00,2015-01-02 13:46:00,0707,0517
86522,2015-01-02 13:47:00,2015-01-02 14:05:00,0503,0904
86113,2015-01-02 13:48:00,2015-01-02 14:02:00,0802,0104
86935,2015-01-02 13:49:00,2015-01-02 14:02:00,0802,0104
86816,2015-01-02 13:53:00,2015-01-02 14:07:00,0514,0506
86754,2015-01-02 13:53:00,2015-01-02 14:05:00,0203,1301
86033,2015-01-02 13:54:00,2015-01-02 14:05:00,0905,0809
86728,2015-01-02 13:54:00,2015-01-02 14:05:00,0203,1301
86640,2015-01-02 13:54:00,2015-01-02 14:02:00,1107,1101
87026,2015-01-02 13:57:00,2015-01-02 14:02:00,0607,0704
86610,2015-01-02 14:00:00,2015-01-02 14:07:00,0611,0503
87097,2015-01-02 14:01:00,2015-01-02 14:06:00,0611,0503
87061,2015-01-02 14:01:00,2015-01-02 14:04:00,1104,1106
86328,2015-01-02 14:04:00,2015-01-02 14:18:00,0103,0511
86352,2015-01-02 14:04:00,2015-01-02 14:10:00,0902,0516
86378,2015-01-02 14:04:00,2015-01-02 14:18:00,0103,0511
86739,2015-01-02 14:04:00,2015-01-02 14:18:00,0103,0511
86554,2015-01-02 14:05:00,2015-01-02 14:12:00,0103,0511
86023,2015-01-02 14:06:00,2015-01-02 14:29:00,0611,0606
86435,2015-01-02 14:07:00,2015-01-02 14:14:00,0505,0505
87002,2015-01-02 14:18:00,2015-01-02 14:23:00,0902,0514
86165,2015-01-02 14:21:00,2015-01-02 14:27:00,1107,1103
87017,2015-01-02 14:21:00,2015-01-02 14:24:00,1107,1103
86352,2015-01-02 14:21:00,2015-01-02 14:28:00,0516,0609
86508,2015-01-02 14:21:00,2015-01-02 14:28:00,1107,1103
86154,2015-01-02 14:30:00,2015-01-02 14:40:00,0506,0506
86529,2015-01-02 14:31:00,2015-01-02 14:37:00,0608,0611
86144,2015-01-02 14:32:00,2015-01-02 14:40:00,0605,0809
86989,2015-01-02 14:33:00,2015-01-02 14:37:00,0802,0803
86513,2015-01-02 14:35:00,2015-01-02 14:40:00,0701,0705
86822,2015-01-02 14:38:00,2015-01-02 14:44:00,0611,1304
86754,2015-01-02 14:38:00,2015-01-02 14:55:00,1301,0804
86955,2015-01-02 14:44:00,2015-01-02 14:50:00,0606,0612
86534,2015-01-02 14:46:00,2015-01-02 14:58:00,0603,1301
87097,2015-01-02 14:52:00,2015-01-02 14:56:00,0503,0505
86610,2015-01-02 14:53:00,2015-01-02 14:56:00,0503,0505
86039,2015-01-02 14:58:00,2015-01-02 15:06:00,0515,0904
87056,2015-01-02 15:09:00,2015-01-02 15:23:00,0809,0802
86602,2015-01-02 15:10:00,2015-01-02 15:22:00,0809,0802
86285,2015-01-02 15:12:00,2015-01-02 15:26:00,0610,0901
86743,2015-01-02 15:13:00,2015-01-02 15:28:00,1304,0608
86938,2015-01-02 15:22:00,2015-01-02 15:24:00,0901,0902
87056,2015-01-02 15:26:00,2015-01-02 15:38:00,0802,0904
86436,2015-01-02 15:28:00,2015-01-02 15:50:00,0503,1104
86469,2015-01-02 15:31:00,2015-01-02 15:43:00,0804,1102
86795,2015-01-02 15:32:00,2015-01-02 15:35:00,0606,0604
86402,2015-01-02 15:38:00,2015-01-02 15:56:00,0708,0706
86478,2015-01-02 15:41:00,2015-01-02 15:46:00,0705,0609
86038,2015-01-02 15:42:00,2015-01-02 15:46:00,0515,0516
86923,2015-01-02 15:42:00,2015-01-02 15:52:00,0510,0515
86983,2015-01-02 15:45:00,2015-01-02 15:48:00,0809,0706
86625,2015-01-02 15:45:00,2015-01-02 15:46:00,1304,1304
86251,2015-01-02 15:46:00,2015-01-02 15:54:00,1304,0201
86099,2015-01-02 15:54:00,2015-01-02 16:06:00,0803,0501
86808,2015-01-02 15:58:00,2015-01-02 16:01:00,0905,0516
86828,2015-01-02 16:11:00,2015-01-02 16:34:00,0602,0513
86944,2015-01-02 16:13:00,2015-01-02 16:20:00,0609,0604
86532,2015-01-02 16:16:00,2015-01-02 16:19:00,0806,0905
86415,2015-01-02 16:18:00,2015-01-02 16:27:00,0706,0801
86585,2015-01-02 16:24:00,2015-01-02 16:44:00,1105,1105
86092,2015-01-02 16:27:00,2015-01-02 16:44:00,1105,1105
86532,2015-01-02 16:29:00,2015-01-02 16:35:00,0905,0807
86439,2015-01-02 16:39:00,2015-01-02 16:54:00,0905,0607
86834,2015-01-02 16:39:00,2015-01-02 16:54:00,0905,0607
86218,2015-01-02 16:44:00,2015-01-02 16:48:00,0606,0612
86913,2015-01-02 16:46:00,2015-01-02 16:53:00,0609,0606
86687,2015-01-02 16:46:00,2015-01-02 16:58:00,0104,0513
86764,2015-01-02 16:47:00,2015-01-02 16:58:00,0104,0513
86782,2015-01-02 16:48:00,2015-01-02 16:58:00,0204,0103
86388,2015-01-02 16:48:00,2015-01-02 17:07:00,0803,0512
86268,2015-01-02 16:50:00,2015-01-02 16:55:00,0807,0515
86532,2015-01-02 16:50:00,2015-01-02 16:57:00,0807,0515
86839,2015-01-02 16:53:00,2015-01-02 16:57:00,1106,1104
86052,2015-01-02 16:54:00,2015-01-02 17:06:00,1302,1304
86688,2015-01-02 16:54:00,2015-01-02 17:04:00,1302,1304
86858,2015-01-02 16:57:00,2015-01-02 17:06:00,0503,0502
86691,2015-01-02 16:57:00,2015-01-02 17:06:00,0503,0502
87095,2015-01-02 17:02:00,2015-01-02 17:12:00,0808,0604
86479,2015-01-02 17:02:00,2015-01-02 17:13:00,0703,0809
86204,2015-01-02 17:08:00,2015-01-02 17:23:00,0512,0809
86052,2015-01-02 17:08:00,2015-01-02 18:04:00,1304,1302
86517,2015-01-02 17:12:00,2015-01-02 17:20:00,0514,0902
86853,2015-01-02 17:12:00,2015-01-02 17:22:00,0514,0902
87100,2015-01-02 17:13:00,2015-01-02 17:19:00,1105,1105
86608,2015-01-02 17:14:00,2015-01-02 17:21:00,1105,1105
86484,2015-01-02 17:18:00,2015-01-02 17:29:00,1107,0901
87036,2015-01-02 17:19:00,2015-01-02 17:24:00,0809,0804
86950,2015-01-02 17:19:00,2015-01-02 17:24:00,0809,0804
86143,2015-01-02 17:22:00,2015-01-02 17:31:00,0708,0508
86606,2015-01-02 17:33:00,2015-01-02 17:41:00,0605,0508
86461,2015-01-02 17:37:00,2015-01-02 17:40:00,0708,0517
87093,2015-01-02 17:39:00,2015-01-02 17:43:00,0518,0518
86336,2015-01-02 17:42:00,2015-01-02 17:46:00,0518,0518
86475,2015-01-02 17:47:00,2015-01-02 17:51:00,0905,0806
86632,2015-01-02 17:51:00,2015-01-02 18:15:00,1101,0204
86525,2015-01-02 17:53:00,2015-01-02 18:05:00,0612,0607
86229,2015-01-02 17:54:00,2015-01-02 18:05:00,0612,0607
86483,2015-01-02 17:54:00,2015-01-02 18:04:00,1304,1302
86218,2015-01-02 18:12:00,2015-01-02 18:16:00,0612,0606
86099,2015-01-02 18:24:00,2015-01-02 18:32:00,0501,0609
86228,2015-01-02 18:24:00,2015-01-02 18:31:00,0611,0609
86556,2015-01-02 18:28:00,2015-01-02 18:40:00,0518,0605
86954,2015-01-02 18:31:00,2015-01-02 18:40:00,0609,0611
86007,2015-01-02 18:44:00,2015-01-02 19:01:00,0801,0511
86383,2015-01-02 18:47:00,2015-01-02 18:52:00,0503,0609
86308,2015-01-02 18:54:00,2015-01-02 19:04:00,0610,0802
86207,2015-01-02 18:56:00,2015-01-02 19:03:00,0603,0505
86408,2015-01-02 19:00:00,2015-01-02 19:07:00,0701,0512
86252,2015-01-02 19:01:00,2015-01-02 19:07:00,0505,0505
86213,2015-01-02 19:01:00,2015-01-02 19:07:00,0802,0514
87032,2015-01-02 19:01:00,2015-01-02 19:26:00,1103,0204
86657,2015-01-02 19:05:00,2015-01-02 19:13:00,0704,0607
86173,2015-01-02 19:08:00,2015-01-02 19:19:00,1102,0802
86144,2015-01-02 19:08:00,2015-01-02 19:11:00,0809,0707
86354,2015-01-02 19:08:00,2015-01-02 19:20:00,1102,0802
86031,2015-01-02 19:14:00,2015-01-02 19:32:00,0707,0901
86020,2015-01-02 19:20:00,2015-01-02 19:39:00,0609,0902
86383,2015-01-02 19:20:00,2015-01-02 19:39:00,0609,0902
86323,2015-01-02 19:24:00,2015-01-02 19:25:00,0802,0802
86354,2015-01-02 19:25:00,2015-01-02 19:26:00,0802,0802
86152,2015-01-02 19:27:00,2015-01-02 19:36:00,0501,0609
86099,2015-01-02 19:27:00,2015-01-02 19:36:00,0609,0517
86229,2015-01-02 19:36:00,2015-01-02 19:46:00,0607,0612
86044,2015-01-02 19:43:00,2015-01-02 19:53:00,0610,0501
86456,2015-01-02 19:49:00,2015-01-02 19:57:00,0609,0611
86290,2015-01-02 19:52:00,2015-01-02 19:59:00,0515,0511
86597,2015-01-02 20:03:00,2015-01-02 20:18:00,0507,0902
86800,2015-01-02 20:15:00,2015-01-02 20:27:00,1303,0503
86528,2015-01-02 20:17:00,2015-01-02 20:20:00,0808,0703
86352,2015-01-02 20:18:00,2015-01-02 20:33:00,0609,0103
86485,2015-01-02 20:18:00,2015-01-02 20:25:00,0801,0905
86412,2015-01-02 20:23:00,2015-01-02 20:38:00,0515,0506
86949,2015-01-02 20:24:00,2015-01-02 20:38:00,0515,0506
86218,2015-01-02 20:34:00,2015-01-02 20:45:00,0606,0708
86455,2015-01-02 20:50:00,2015-01-02 20:59:00,0515,0802
86144,2015-01-02 20:54:00,2015-01-02 21:03:00,0707,0608
86005,2015-01-02 21:01:00,2015-01-02 21:05:00,0905,0515
86386,2015-01-02 21:04:00,2015-01-02 21:15:00,0518,0704
86336,2015-01-02 21:05:00,2015-01-02 21:07:00,0518,0518
86962,2015-01-02 21:05:00,2015-01-02 21:15:00,0518,0704
86695,2015-01-02 21:19:00,2015-01-02 21:23:00,0601,0606
86186,2015-01-02 21:22:00,2015-01-02 21:28:00,0708,0517
87094,2015-01-02 21:23:00,2015-01-02 21:29:00,1101,0516
86056,2015-01-02 21:25:00,2015-01-02 21:43:00,1104,0611
86852,2015-01-02 21:27:00,2015-01-02 21:39:00,0503,0905
86761,2015-01-02 21:28:00,2015-01-02 21:40:00,0808,0902
86727,2015-01-02 21:29:00,2015-01-02 21:34:00,0707,0802
86695,2015-01-02 21:34:00,2015-01-02 21:40:00,0606,0702
86800,2015-01-02 21:43:00,2015-01-02 21:53:00,0503,1303
87028,2015-01-02 21:45:00,2015-01-02 21:48:00,0505,0505
86158,2015-01-02 21:55:00,2015-01-02 22:07:00,0807,0708
86910,2015-01-02 21:56:00,2015-01-02 22:01:00,0701,0803
86302,2015-01-02 22:05:00,2015-01-02 22:16:00,0901,0515
86484,2015-01-02 22:06:00,2015-01-02 22:16:00,0901,0515
86304,2015-01-02 22:07:00,2015-01-02 22:16:00,0901,0515
86441,2015-01-02 22:17:00,2015-01-02 22:20:00,0515,0905
86692,2015-01-02 22:19:00,2015-01-02 22:22:00,0607,0607
86758,2015-01-02 22:29:00,2015-01-02 22:48:00,0709,0601
86033,2015-01-02 22:36:00,2015-01-02 22:51:00,0809,0504
86536,2015-01-02 22:38:00,2015-01-02 22:43:00,0505,0603
86753,2015-01-02 22:47:00,2015-01-02 23:01:00,0707,0604
86185,2015-01-02 22:48:00,2015-01-02 22:57:00,0518,1305
86033,2015-01-02 22:52:00,2015-01-02 23:02:00,0504,0502
86484,2015-01-02 23:01:00,2015-01-02 23:07:00,0515,0802
86302,2015-01-02 23:01:00,2015-01-02 23:07:00,0515,0802
86033,2015-01-02 23:02:00,2015-01-02 23:16:00,0502,0204
86134,2015-01-02 23:34:00,2015-01-02 23:43:00,1104,1103
86555,2015-01-02 23:37:00,2015-01-02 23:54:00,0607,0707
87008,2015-01-02 23:52:00,2015-01-02 23:59:00,0905,1101
86025,2015-01-02 23:53:00,2015-01-02 23:59:00,0905,1101
86472,2015-01-02 23:57:00,2015-01-03 00:06:00,0517,0611
86759,2015-01-03 00:06:00,2015-01-03 00:18:00,0701,0515
86864,2015-01-03 00:07:00,2015-01-03 00:14:00,1301,0201
86564,2015-01-03 00:07:00,2015-01-03 00:18:00,0701,0515
86342,2015-01-03 00:07:00,2015-01-03 00:14:00,1301,0201
86056,2015-01-03 00:09:00,2015-01-03 00:12:00,0611,0503
86478,2015-01-03 00:43:00,2015-01-03 00:50:00,0609,0502
86903,2015-01-03 00:43:00,2015-01-03 00:50:00,0609,0502
86657,2015-01-03 00:44:00,2015-01-03 01:02:00,0607,0102
86997,2015-01-03 00:54:00,2015-01-03 01:00:00,0508,0503
86444,2015-01-03 00:56:00,2015-01-03 01:03:00,0707,0709
86879,2015-01-03 00:57:00,2015-01-03 01:03:00,0707,0709
86280,2015-01-03 00:57:00,2015-01-03 01:03:00,0707,0709
86918,2015-01-03 01:05:00,2015-01-03 01:16:00,0802,0708
86546,2015-01-03 01:07:00,2015-01-03 01:14:00,0801,0902
86727,2015-01-03 01:07:00,2015-01-03 01:15:00,0802,0708
86002,2015-01-03 01:20:00,2015-01-03 01:38:00,0709,1103
86879,2015-01-03 01:20:00,2015-01-03 01:38:00,0709,1103
86444,2015-01-03 01:26:00,2015-01-03 01:29:00,0709,0708
86705,2015-01-03 01:27:00,2015-01-03 01:42:00,0201,0609
86342,2015-01-03 01:28:00,2015-01-03 01:42:00,0201,0609
86727,2015-01-03 01:32:00,2015-01-03 01:35:00,0708,0709
86077,2015-01-03 01:32:00,2015-01-03 01:35:00,0708,0708
86549,2015-01-03 01:32:00,2015-01-03 01:35:00,0708,0708
86918,2015-01-03 01:32:00,2015-01-03 01:43:00,0708,0708
86441,2015-01-03 01:50:00,2015-01-03 02:01:00,0905,0707
86704,2015-01-03 01:51:00,2015-01-03 02:01:00,0905,0707
86356,2015-01-03 01:57:00,2015-01-03 02:07:00,0508,0705
86604,2015-01-03 02:06:00,2015-01-03 02:08:00,0501,0501
87038,2015-01-03 02:07:00,2015-01-03 02:09:00,0501,0501
86204,2015-01-03 02:15:00,2015-01-03 02:19:00,0809,0806
86736,2015-01-03 02:43:00,2015-01-03 02:52:00,0517,0611
86158,2015-01-03 02:50:00,2015-01-03 02:54:00,0708,0802
86736,2015-01-03 02:52:00,2015-01-03 02:55:00,0611,0503
87080,2015-01-03 03:07:00,2015-01-03 03:08:00,0609,0609
86342,2015-01-03 03:08:00,2015-01-03 03:29:00,0609,0905
86152,2015-01-03 03:09:00,2015-01-03 03:29:00,0609,0703
86182,2015-01-03 04:01:00,2015-01-03 04:09:00,0809,0703
86250,2015-01-03 05:06:00,2015-01-03 05:12:00,0503,0611
86234,2015-01-03 05:07:00,2015-01-03 05:12:00,0503,0611
86997,2015-01-03 05:07:00,2015-01-03 05:11:00,0503,0611
86736,2015-01-03 05:07:00,2015-01-03 05:11:00,0503,0611
86218,2015-01-03 05:55:00,2015-01-03 06:00:00,0708,0707
86782,2015-01-03 07:44:00,2015-01-03 07:55:00,0705,0609
86753,2015-01-03 07:48:00,2015-01-03 08:03:00,0604,0513
87017,2015-01-03 07:50:00,2015-01-03 08:00:00,1103,0515
86321,2015-01-03 07:56:00,2015-01-03 08:01:00,0601,0606
86056,2015-01-03 08:02:00,2015-01-03 08:04:00,0503,0505
86077,2015-01-03 08:11:00,2015-01-03 08:17:00,0708,0706
86516,2015-01-03 08:26:00,2015-01-03 08:29:00,0516,0512
86516,2015-01-03 08:34:00,2015-01-03 08:41:00,0512,0515
86495,2015-01-03 08:46:00,2015-01-03 08:55:00,0503,0905
86759,2015-01-03 08:47:00,2015-01-03 08:57:00,0515,0104
86137,2015-01-03 09:17:00,2015-01-03 09:21:00,0704,0809
86132,2015-01-03 09:20:00,2015-01-03 09:22:00,0809,0801
86546,2015-01-03 09:38:00,2015-01-03 10:05:00,0902,1304
86782,2015-01-03 09:44:00,2015-01-03 09:47:00,0609,0707
86543,2015-01-03 09:57:00,2015-01-03 09:59:00,1107,1105
86069,2015-01-03 10:03:00,2015-01-03 10:09:00,0606,0602
86781,2015-01-03 10:03:00,2015-01-03 10:32:00,0611,0508
86334,2015-01-03 10:08:00,2015-01-03 10:14:00,0610,0606
86648,2015-01-03 10:14:00,2015-01-03 10:17:00,0905,0905
86192,2015-01-03 10:34:00,2015-01-03 10:41:00,0503,1301
87064,2015-01-03 10:35:00,2015-01-03 10:46:00,0503,1301
86781,2015-01-03 10:38:00,2015-01-03 10:51:00,0508,0904
86240,2015-01-03 10:41:00,2015-01-03 10:55:00,0202,1304
86777,2015-01-03 10:41:00,2015-01-03 10:54:00,0202,1304
86472,2015-01-03 10:43:00,2015-01-03 10:50:00,0611,0609
86597,2015-01-03 10:44:00,2015-01-03 11:02:00,0902,1301
86918,2015-01-03 10:46:00,2015-01-03 10:51:00,0708,0609
86781,2015-01-03 10:53:00,2015-01-03 11:13:00,0904,0801
86431,2015-01-03 10:54:00,2015-01-03 10:57:00,0501,0502
87087,2015-01-03 10:57:00,2015-01-03 11:05:00,0904,0903
86613,2015-01-03 10:57:00,2015-01-03 11:05:00,0904,0903
86529,2015-01-03 11:09:00,2015-01-03 11:20:00,1304,0202
86123,2015-01-03 11:11:00,2015-01-03 11:29:00,0808,0804
86670,2015-01-03 11:18:00,2015-01-03 11:32:00,1302,0607
86705,2015-01-03 11:22:00,2015-01-03 11:26:00,0609,0707
86388,2015-01-03 11:23:00,2015-01-03 11:29:00,0512,0514
86874,2015-01-03 11:23:00,2015-01-03 11:48:00,0611,0504
86994,2015-01-03 11:25:00,2015-01-03 11:48:00,0611,0504
86479,2015-01-03 11:26:00,2015-01-03 11:49:00,0809,1101
86798,2015-01-03 11:30:00,2015-01-03 11:31:00,0701,0701
86218,2015-01-03 11:32:00,2015-01-03 11:41:00,0707,0605
86307,2015-01-03 11:37:00,2015-01-03 11:52:00,1102,0514
86475,2015-01-03 11:41:00,2015-01-03 11:53:00,0806,0704
86097,2015-01-03 11:43:00,2015-01-03 11:46:00,0516,0516
86034,2015-01-03 11:45:00,2015-01-03 11:55:00,0807,0905
86876,2015-01-03 11:47:00,2015-01-03 12:06:00,0516,0808
87061,2015-01-03 11:48:00,2015-01-03 12:06:00,1107,1102
87098,2015-01-03 11:48:00,2015-01-03 12:05:00,1107,1102
86084,2015-01-03 11:48:00,2015-01-03 11:54:00,0807,0905
86481,2015-01-03 11:49:00,2015-01-03 11:54:00,0807,0905
86736,2015-01-03 11:52:00,2015-01-03 12:01:00,0611,0502
86525,2015-01-03 11:53:00,2015-01-03 12:01:00,0611,0502
86192,2015-01-03 11:53:00,2015-01-03 12:02:00,1301,0503
87064,2015-01-03 11:53:00,2015-01-03 12:03:00,1301,0503
86291,2015-01-03 11:55:00,2015-01-03 12:13:00,0204,1301
86714,2015-01-03 11:55:00,2015-01-03 12:13:00,0204,1301
86963,2015-01-03 11:56:00,2015-01-03 12:06:00,0803,0514
86475,2015-01-03 12:01:00,2015-01-03 12:13:00,0704,0806
86994,2015-01-03 12:02:00,2015-01-03 12:18:00,0504,0902
87030,2015-01-03 12:03:00,2015-01-03 12:13:00,0517,0905
86905,2015-01-03 12:03:00,2015-01-03 12:10:00,0517,0905
86703,2015-01-03 12:05:00,2015-01-03 12:16:00,0808,0702
86405,2015-01-03 12:06:00,2015-01-03 12:17:00,0808,0702
87098,2015-01-03 12:09:00,2015-01-03 12:17:00,1102,0515
87061,2015-01-03 12:10:00,2015-01-03 12:18:00,1102,0515
86839,2015-01-03 12:22:00,2015-01-03 12:32:00,1104,1101
86005,2015-01-03 12:23:00,2015-01-03 12:29:00,0515,0805
87012,2015-01-03 12:23:00,2015-01-03 12:43:00,0504,0508
86001,2015-01-03 12:23:00,2015-01-03 12:29:00,0515,0805
86874,2015-01-03 12:23:00,2015-01-03 12:43:00,0504,0508
86172,2015-01-03 12:29:00,2015-01-03 12:35:00,0803,0905
86918,2015-01-03 12:33:00,2015-01-03 12:45:00,0609,0902
86119,2015-01-03 12:33:00,2015-01-03 12:48:00,0502,0611
86356,2015-01-03 12:33:00,2015-01-03 12:47:00,0705,1301
86001,2015-01-03 12:35:00,2015-01-03 12:47:00,0805,0610
86858,2015-01-03 12:35:00,2015-01-03 12:45:00,0502,0611
86005,2015-01-03 12:35:00,2015-01-03 12:47:00,0805,0610
87033,2015-01-03 12:37:00,2015-01-03 12:50:00,0507,0515
86109,2015-01-03 12:37:00,2015-01-03 12:51:00,0507,0515
86626,2015-01-03 12:42:00,2015-01-03 12:53:00,0105,0105
86117,2015-01-03 12:44:00,2015-01-03 12:45:00,0105,0105
86522,2015-01-03 12:47:00,2015-01-03 12:53:00,0904,0903
86001,2015-01-03 12:49:00,2015-01-03 12:56:00,0610,0607
86005,2015-01-03 12:50:00,2015-01-03 12:56:00,0610,0607
86097,2015-01-03 12:55:00,2015-01-03 13:05:00,0516,1103
86891,2015-01-03 12:56:00,2015-01-03 13:00:00,1302,1302
86001,2015-01-03 12:58:00,2015-01-03 13:08:00,0607,0602
86005,2015-01-03 12:58:00,2015-01-03 13:08:00,0607,0602
87051,2015-01-03 12:59:00,2015-01-03 13:07:00,0802,0801
86565,2015-01-03 13:00:00,2015-01-03 13:13:00,1302,0201
86313,2015-01-03 13:01:00,2015-01-03 13:13:00,1302,0201
86959,2015-01-03 13:03:00,2015-01-03 13:29:00,1304,1304
86822,2015-01-03 13:04:00,2015-01-03 13:29:00,1304,1304
86598,2015-01-03 13:06:00,2015-01-03 13:10:00,0609,0707
86695,2015-01-03 13:07:00,2015-01-03 13:18:00,0702,0808
86171,2015-01-03 13:08:00,2015-01-03 13:19:00,0702,0808
86356,2015-01-03 13:08:00,2015-01-03 13:19:00,1301,0505
86555,2015-01-03 13:13:00,2015-01-03 13:28:00,0707,1107
86005,2015-01-03 13:14:00,2015-01-03 13:34:00,0602,1401
86001,2015-01-03 13:14:00,2015-01-03 13:34:00,0602,1401
86517,2015-01-03 13:16:00,2015-01-03 13:30:00,0902,0609
86327,2015-01-03 13:16:00,2015-01-03 13:21:00,1304,1301
86954,2015-01-03 13:16:00,2015-01-03 13:21:00,1304,1301
87078,2015-01-03 13:25:00,2015-01-03 13:45:00,0604,0804
86350,2015-01-03 13:26:00,2015-01-03 13:45:00,0604,0804
86376,2015-01-03 13:27:00,2015-01-03 13:33:00,0510,0508
86807,2015-01-03 13:27:00,2015-01-03 13:43:00,0510,0501
86761,2015-01-03 13:27:00,2015-01-03 13:28:00,0902,0902
86366,2015-01-03 13:28:00,2015-01-03 13:34:00,0902,0805
86549,2015-01-03 13:28:00,2015-01-03 13:43:00,0708,0905
86688,2015-01-03 13:28:00,2015-01-03 13:52:00,1304,0504
86444,2015-01-03 13:29:00,2015-01-03 13:49:00,0708,0905
86625,2015-01-03 13:30:00,2015-01-03 13:35:00,1304,1304
86618,2015-01-03 13:31:00,2015-01-03 13:44:00,1304,0204
86786,2015-01-03 13:31:00,2015-01-03 13:44:00,1304,0204
86157,2015-01-03 13:32:00,2015-01-03 13:43:00,0508,0501
86100,2015-01-03 13:33:00,2015-01-03 13:44:00,1301,0507
86291,2015-01-03 13:33:00,2015-01-03 13:44:00,1301,0507
86376,2015-01-03 13:35:00,2015-01-03 13:52:00,0508,0504
87012,2015-01-03 13:37:00,2015-01-03 13:52:00,0508,0504
86779,2015-01-03 13:37:00,2015-01-03 13:42:00,0502,0611
86200,2015-01-03 13:38:00,2015-01-03 13:47:00,0809,0902
86297,2015-01-03 13:38:00,2015-01-03 13:51:00,0905,0502
86700,2015-01-03 13:38:00,2015-01-03 13:51:00,0905,0502
86455,2015-01-03 13:40:00,2015-01-03 13:44:00,0802,0807
86172,2015-01-03 13:48:00,2015-01-03 13:55:00,0905,0518
86400,2015-01-03 13:49:00,2015-01-03 13:51:00,0609,0609
86472,2015-01-03 13:52:00,2015-01-03 13:56:00,0609,0709
87047,2015-01-03 13:52:00,2015-01-03 13:55:00,0805,0802
86510,2015-01-03 13:52:00,2015-01-03 13:54:00,0805,0802
86135,2015-01-03 13:53:00,2015-01-03 14:04:00,0904,0515
86185,2015-01-03 13:56:00,2015-01-03 13:59:00,1305,1302
87013,2015-01-03 13:58:00,2015-01-03 14:04:00,0705,0606
86688,2015-01-03 14:08:00,2015-01-03 14:27:00,0504,0902
86814,2015-01-03 14:10:00,2015-01-03 14:20:00,0902,0809
86258,2015-01-03 14:11:00,2015-01-03 15:03:00,0802,0203
86612,2015-01-03 14:12:00,2015-01-03 14:30:00,0508,0103
86323,2015-01-03 14:12:00,2015-01-03 15:03:00,0802,0203
86595,2015-01-03 14:13:00,2015-01-03 14:30:00,0508,0103
86288,2015-01-03 14:14:00,2015-01-03 14:18:00,0905,0807
86342,2015-01-03 14:14:00,2015-01-03 14:18:00,0905,0807
86923,2015-01-03 14:16:00,2015-01-03 14:19:00,0515,0515
87089,2015-01-03 14:20:00,2015-01-03 14:28:00,0507,0103
86284,2015-01-03 14:21:00,2015-01-03 14:27:00,0507,0103
86455,2015-01-03 14:22:00,2015-01-03 14:30:00,0807,0902
86342,2015-01-03 14:22:00,2015-01-03 14:29:00,0807,0902
86622,2015-01-03 14:23:00,2015-01-03 14:39:00,1107,0105
86556,2015-01-03 14:26:00,2015-01-03 14:40:00,0605,0808
86503,2015-01-03 14:26:00,2015-01-03 14:46:00,0607,0807
86028,2015-01-03 14:26:00,2015-01-03 14:45:00,0607,0807
86702,2015-01-03 14:31:00,2015-01-03 14:40:00,0507,0611
86564,2015-01-03 14:33:00,2015-01-03 14:44:00,0515,0503
86209,2015-01-03 14:40:00,2015-01-03 14:45:00,0704,0704
86321,2015-01-03 14:40:00,2015-01-03 14:49:00,0606,0503
86855,2015-01-03 14:40:00,2015-01-03 14:45:00,0704,0704
86229,2015-01-03 14:41:00,2015-01-03 14:48:00,0612,0606
86042,2015-01-03 14:41:00,2015-01-03 14:42:00,0103,0103
86373,2015-01-03 14:42:00,2015-01-03 14:48:00,1302,1304
86665,2015-01-03 14:53:00,2015-01-03 15:15:00,0904,0603
86171,2015-01-03 14:54:00,2015-01-03 15:12:00,0808,0605
86556,2015-01-03 14:55:00,2015-01-03 15:11:00,0808,0605
86261,2015-01-03 15:06:00,2015-01-03 15:26:00,1302,0516
86993,2015-01-03 15:06:00,2015-01-03 15:26:00,1302,0516
86025,2015-01-03 15:06:00,2015-01-03 15:15:00,1101,0103
86910,2015-01-03 15:11:00,2015-01-03 15:22:00,0803,0503
86016,2015-01-03 15:12:00,2015-01-03 15:22:00,0803,0503
86865,2015-01-03 15:20:00,2015-01-03 15:23:00,1102,1103
86629,2015-01-03 15:22:00,2015-01-03 15:28:00,0607,0508
86908,2015-01-03 15:22:00,2015-01-03 15:29:00,0607,0508
86612,2015-01-03 15:25:00,2015-01-03 17:42:00,0103,0903
86768,2015-01-03 15:26:00,2015-01-03 15:30:00,0103,0103
86016,2015-01-03 15:27:00,2015-01-03 15:40:00,0503,1302
86208,2015-01-03 15:27:00,2015-01-03 15:40:00,0503,1302
86595,2015-01-03 15:31:00,2015-01-03 17:42:00,0103,0903
86959,2015-01-03 15:33:00,2015-01-03 15:39:00,1304,1302
86544,2015-01-03 15:34:00,2015-01-03 15:43:00,0105,0105
86660,2015-01-03 15:35:00,2015-01-03 15:38:00,0806,0807
86744,2015-01-03 15:36:00,2015-01-03 15:49:00,1302,0201
87099,2015-01-03 15:36:00,2015-01-03 15:40:00,0707,0609
86158,2015-01-03 15:37:00,2015-01-03 15:40:00,0802,0701
86854,2015-01-03 15:38:00,2015-01-03 16:15:00,0504,0504
86874,2015-01-03 15:38:00,2015-01-03 15:55:00,0508,0602
86982,2015-01-03 15:41:00,2015-01-03 16:05:00,0905,0502
86630,2015-01-03 15:41:00,2015-01-03 16:05:00,0905,0502
87056,2015-01-03 15:44:00,2015-01-03 15:55:00,0903,0903
86787,2015-01-03 15:48:00,2015-01-03 16:14:00,0105,0104
86919,2015-01-03 15:48:00,2015-01-03 17:03:00,0105,0510
86517,2015-01-03 15:52:00,2015-01-03 15:57:00,0609,0708
87056,2015-01-03 15:55:00,2015-01-03 15:58:00,0903,0903
86860,2015-01-03 15:56:00,2015-01-03 16:14:00,0602,1401
86501,2015-01-03 15:58:00,2015-01-03 16:48:00,0607,0611
87056,2015-01-03 15:58:00,2015-01-03 16:06:00,0903,0903
86671,2015-01-03 15:59:00,2015-01-03 16:47:00,0607,0611
86711,2015-01-03 16:03:00,2015-01-03 16:25:00,0201,0510
86114,2015-01-03 16:05:00,2015-01-03 16:26:00,0201,0510
86982,2015-01-03 16:06:00,2015-01-03 16:26:00,0502,0805
86630,2015-01-03 16:06:00,2015-01-03 16:26:00,0502,0805
86458,2015-01-03 16:08:00,2015-01-03 16:18:00,0105,0102
86117,2015-01-03 16:08:00,2015-01-03 16:17:00,0105,0102
87072,2015-01-03 16:08:00,2015-01-03 16:22:00,1304,0603
86213,2015-01-03 16:08:00,2015-01-03 16:16:00,0514,0807
86615,2015-01-03 16:08:00,2015-01-03 16:27:00,1304,0603
87027,2015-01-03 16:08:00,2015-01-03 16:16:00,0514,0807
86740,2015-01-03 16:09:00,2015-01-03 16:11:00,0105,0105
86535,2015-01-03 16:09:00,2015-01-03 16:22:00,1304,0603
86506,2015-01-03 16:14:00,2015-01-03 16:24:00,1101,0512
86375,2015-01-03 16:15:00,2015-01-03 16:44:00,0515,0904
86555,2015-01-03 16:15:00,2015-01-03 16:32:00,1107,0802
86309,2015-01-03 16:15:00,2015-01-03 16:32:00,1107,0802
86942,2015-01-03 16:15:00,2015-01-03 16:22:00,0517,0905
86783,2015-01-03 16:15:00,2015-01-03 16:44:00,0515,0904
86243,2015-01-03 16:15:00,2015-01-03 16:28:00,0517,0905
86899,2015-01-03 16:16:00,2015-01-03 16:23:00,0517,0807
86700,2015-01-03 16:21:00,2015-01-03 16:36:00,0502,0514
86297,2015-01-03 16:21:00,2015-01-03 16:39:00,0502,0514
86016,2015-01-03 16:24:00,2015-01-03 16:37:00,1302,0503
86208,2015-01-03 16:24:00,2015-01-03 16:36:00,1302,0503
86865,2015-01-03 16:25:00,2015-01-03 16:41:00,1103,1105
86702,2015-01-03 16:25:00,2015-01-03 16:33:00,0611,0517
86705,2015-01-03 16:27:00,2015-01-03 16:33:00,0707,0808
86982,2015-01-03 16:27:00,2015-01-03 16:40:00,0805,0809
86630,2015-01-03 16:27:00,2015-01-03 16:38:00,0805,0809
86428,2015-01-03 16:35:00,2015-01-03 16:38:00,0505,0504
86487,2015-01-03 16:36:00,2015-01-03 16:40:00,1303,1302
86879,2015-01-03 16:42:00,2015-01-03 16:52:00,1103,0905
86622,2015-01-03 16:48:00,2015-01-03 17:00:00,0105,1101
86295,2015-01-03 16:48:00,2015-01-03 16:56:00,0501,1303
86908,2015-01-03 16:48:00,2015-01-03 16:56:00,0508,0607
86629,2015-01-03 16:48:00,2015-01-03 16:56:00,0508,0607
86407,2015-01-03 16:53:00,2015-01-03 17:01:00,0504,1301
86943,2015-01-03 16:53:00,2015-01-03 17:02:00,0504,1301
86780,2015-01-03 16:54:00,2015-01-03 17:18:00,0602,0516
86022,2015-01-03 16:55:00,2015-01-03 17:03:00,1301,1302
86407,2015-01-03 17:02:00,2015-01-03 17:16:00,1301,0103
86567,2015-01-03 17:04:00,2015-01-03 17:34:00,0102,0905
86403,2015-01-03 17:04:00,2015-01-03 17:12:00,1107,0515
86526,2015-01-03 17:05:00,2015-01-03 17:13:00,1107,0515
86623,2015-01-03 17:06:00,2015-01-03 17:34:00,0102,0905
86056,2015-01-03 17:06:00,2015-01-03 17:13:00,0505,0508
86826,2015-01-03 17:06:00,2015-01-03 17:11:00,0505,0508
86907,2015-01-03 17:08:00,2015-01-03 17:24:00,0904,0104
86126,2015-01-03 17:08:00,2015-01-03 17:24:00,0904,0104
86997,2015-01-03 17:16:00,2015-01-03 17:24:00,0611,0610
86672,2015-01-03 17:19:00,2015-01-03 17:29:00,0501,0605
86664,2015-01-03 17:19:00,2015-01-03 17:28:00,0501,0605
86536,2015-01-03 17:22:00,2015-01-03 17:29:00,0603,0504
87011,2015-01-03 17:23:00,2015-01-03 17:26:00,0806,0902
86622,2015-01-03 17:24:00,2015-01-03 17:37:00,1101,0105
86130,2015-01-03 17:30:00,2015-01-03 17:32:00,0801,0809
86898,2015-01-03 17:39:00,2015-01-03 17:53:00,0203,0607
86584,2015-01-03 17:41:00,2015-01-03 17:49:00,0806,0905
86612,2015-01-03 17:43:00,2015-01-03 17:46:00,0903,0903
86595,2015-01-03 17:44:00,2015-01-03 17:46:00,0903,0903
86154,2015-01-03 17:48:00,2015-01-03 17:54:00,0506,0511
86415,2015-01-03 17:51:00,2015-01-03 17:59:00,0806,0802
86360,2015-01-03 17:51:00,2015-01-03 18:00:00,0806,0802
86910,2015-01-03 17:57:00,2015-01-03 18:05:00,0503,0709
86503,2015-01-03 18:00:00,2015-01-03 18:20:00,0807,1302
86213,2015-01-03 18:01:00,2015-01-03 18:20:00,0807,1302
86905,2015-01-03 18:04:00,2015-01-03 18:11:00,0905,0902
86855,2015-01-03 18:05:00,2015-01-03 18:08:00,0704,0705
86942,2015-01-03 18:05:00,2015-01-03 18:11:00,0905,0902
86939,2015-01-03 18:06:00,2015-01-03 18:15:00,1105,1106
87100,2015-01-03 18:07:00,2015-01-03 18:15:00,1105,1106
86672,2015-01-03 18:10:00,2015-01-03 18:19:00,0605,0505
86664,2015-01-03 18:10:00,2015-01-03 18:18:00,0605,0505
86085,2015-01-03 18:11:00,2015-01-03 18:20:00,1101,0807
86487,2015-01-03 18:16:00,2015-01-03 18:31:00,1302,0704
86083,2015-01-03 18:18:00,2015-01-03 18:42:00,0504,0904
86618,2015-01-03 18:18:00,2015-01-03 18:23:00,0204,0102
86460,2015-01-03 18:19:00,2015-01-03 18:40:00,0503,1101
86670,2015-01-03 18:27:00,2015-01-03 18:31:00,0607,0604
86246,2015-01-03 18:30:00,2015-01-03 18:38:00,1104,0902
87065,2015-01-03 18:34:00,2015-01-03 18:46:00,0505,0512
86321,2015-01-03 18:34:00,2015-01-03 18:41:00,0503,0517
87002,2015-01-03 18:34:00,2015-01-03 18:35:00,0514,0514
86016,2015-01-03 18:35:00,2015-01-03 18:42:00,0503,0517
86702,2015-01-03 18:38:00,2015-01-03 18:44:00,0517,0516
87086,2015-01-03 18:39:00,2015-01-03 18:55:00,0802,0904
86341,2015-01-03 18:39:00,2015-01-03 18:52:00,0802,0904
86220,2015-01-03 18:41:00,2015-01-03 18:45:00,1302,1301
86688,2015-01-03 18:44:00,2015-01-03 18:54:00,0902,0514
86658,2015-01-03 18:44:00,2015-01-03 18:49:00,0504,0611
86338,2015-01-03 18:48:00,2015-01-03 18:55:00,0708,0706
86837,2015-01-03 18:51:00,2015-01-03 18:54:00,0703,0808
86555,2015-01-03 18:51:00,2015-01-03 19:03:00,0802,0802
86891,2015-01-03 18:53:00,2015-01-03 19:07:00,1302,1301
86828,2015-01-03 18:54:00,2015-01-03 19:00:00,0806,0809
86997,2015-01-03 18:55:00,2015-01-03 19:05:00,0610,0603
86531,2015-01-03 19:04:00,2015-01-03 19:08:00,0601,0606
86597,2015-01-03 19:07:00,2015-01-03 19:20:00,1301,1305
86846,2015-01-03 19:13:00,2015-01-03 19:14:00,0605,0605
86464,2015-01-03 19:19:00,2015-01-03 19:20:00,0104,0104
86614,2015-01-03 19:23:00,2015-01-03 19:30:00,0511,0506
86143,2015-01-03 19:27:00,2015-01-03 19:29:00,0701,0701
86216,2015-01-03 19:28:00,2015-01-03 19:37:00,0513,0701
86508,2015-01-03 19:38:00,2015-01-03 19:42:00,1103,1105
87017,2015-01-03 19:50:00,2015-01-03 19:54:00,0515,0516
86393,2015-01-03 19:50:00,2015-01-03 19:57:00,0603,1302
86853,2015-01-03 19:52:00,2015-01-03 20:01:00,0902,0905
86994,2015-01-03 19:53:00,2015-01-03 20:01:00,0902,0905
86239,2015-01-03 19:56:00,2015-01-03 19:57:00,0603,0603
86679,2015-01-03 19:58:00,2015-01-03 20:10:00,0603,0204
87070,2015-01-03 20:00:00,2015-01-03 20:09:00,0518,0605
86086,2015-01-03 20:02:00,2015-01-03 20:12:00,0702,0809
86556,2015-01-03 20:02:00,2015-01-03 20:06:00,0605,0604
86709,2015-01-03 20:04:00,2015-01-03 20:10:00,0708,0518
86273,2015-01-03 20:05:00,2015-01-03 20:11:00,0601,0708
86022,2015-01-03 20:09:00,2015-01-03 20:12:00,1302,1301
86367,2015-01-03 20:14:00,2015-01-03 20:17:00,0508,0510
86614,2015-01-03 20:22:00,2015-01-03 20:27:00,0506,0507
86115,2015-01-03 20:22:00,2015-01-03 20:24:00,0508,0517
86706,2015-01-03 20:49:00,2015-01-03 21:01:00,0905,0511
86994,2015-01-03 20:50:00,2015-01-03 21:01:00,0905,0511
86785,2015-01-03 21:02:00,2015-01-03 21:09:00,0609,0809
86393,2015-01-03 21:07:00,2015-01-03 21:11:00,1302,1301
86508,2015-01-03 21:09:00,2015-01-03 21:12:00,1105,1107
86028,2015-01-03 21:12:00,2015-01-03 21:23:00,0904,0802
86736,2015-01-03 21:13:00,2015-01-03 21:16:00,0508,0609
86785,2015-01-03 21:14:00,2015-01-03 21:26:00,0809,0904
86026,2015-01-03 21:34:00,2015-01-03 21:41:00,0506,0501
86949,2015-01-03 21:35:00,2015-01-03 21:41:00,0506,0501
86078,2015-01-03 22:03:00,2015-01-03 22:07:00,0803,0809
86531,2015-01-03 22:11:00,2015-01-03 22:24:00,0606,0807
86786,2015-01-03 22:12:00,2015-01-03 22:17:00,0204,0102
86130,2015-01-03 22:28:00,2015-01-03 22:35:00,0809,0601
86086,2015-01-03 22:28:00,2015-01-03 22:35:00,0809,0601
86275,2015-01-03 22:30:00,2015-01-03 22:35:00,0513,0104
86670,2015-01-03 22:50:00,2015-01-03 22:53:00,0604,0607
86753,2015-01-03 22:55:00,2015-01-03 23:11:00,0513,0604
86216,2015-01-03 23:14:00,2015-01-03 23:22:00,0701,0513
86163,2015-01-03 23:14:00,2015-01-03 23:21:00,0701,0513
86531,2015-01-03 23:47:00,2015-01-04 00:04:00,0807,0606
86552,2015-01-03 23:48:00,2015-01-04 00:05:00,0204,0802
